day,pressure,maxtemp,temperature,mintemp,dewpoint,humidity,cloud,rainfall,sunshine,winddirection,windspeed,rain_intensity,rain_sensor,predicted_rain,predicted_probabilities,predicted_label
1,1025.9,19.9,18.3,16.8,13.1,72,49,1,9.3,80.0,26.3,1,361,1,"[0.002017129212617874, 0.9978750944137573, 0.00010774721158668399]",Light Rain
2,1022.0,21.7,18.9,17.2,15.6,81,83,1,0.6,50.0,15.3,2,967,2,"[2.2273265187777724e-07, 6.028648931533098e-05, 0.9999394416809082]",Heavy Rain
3,1019.7,20.3,19.3,18.0,18.4,95,91,1,0.0,40.0,14.2,2,784,2,"[9.672787903980407e-09, 3.6452624385674426e-07, 0.9999996423721313]",Heavy Rain
4,1018.9,22.3,20.6,19.1,18.8,90,88,1,1.0,50.0,16.9,2,815,2,"[6.685949216489462e-08, 2.403295184194576e-06, 0.9999974966049194]",Heavy Rain
5,1015.9,21.3,20.7,20.2,19.9,95,81,1,0.0,40.0,13.7,2,863,2,"[4.522645369320344e-09, 8.5120674953032e-08, 0.9999998807907104]",Heavy Rain
6,1018.8,24.3,20.9,19.2,18.0,84,51,1,7.7,20.0,14.5,1,422,1,"[0.0020025400444865227, 0.9967941641807556, 0.0012032424565404654]",Light Rain
7,1021.8,21.4,18.8,17.0,15.0,79,56,0,3.4,30.0,21.5,0,100,0,"[0.9991782307624817, 0.0007971397135406733, 2.4618720999569632e-05]",No Rain
8,1020.8,21.0,18.4,16.5,14.4,78,28,0,7.7,60.0,14.3,0,27,0,"[0.9998379945755005, 0.00016032817075029016, 1.6352993270629668e-06]",No Rain
9,1020.6,18.9,18.1,17.1,14.3,78,79,0,3.3,70.0,39.3,0,58,0,"[0.9995965361595154, 0.0003673176106531173, 3.607043618103489e-05]",No Rain
10,1017.5,18.5,18.0,17.2,15.5,85,91,1,0.0,70.0,37.7,2,714,2,"[3.2285965971823316e-06, 0.00022730168711859733, 0.9997695088386536]",Heavy Rain
11,1016.5,20.4,18.1,16.5,16.4,90,90,1,2.1,40.0,23.3,2,924,2,"[3.919387481232661e-09, 1.3380497421167092e-07, 0.9999998807907104]",Heavy Rain
12,1019.9,18.5,17.3,16.1,13.7,79,86,0,0.6,20.0,23.9,0,119,0,"[0.999422550201416, 0.0005522032734006643, 2.52241861744551e-05]",No Rain
13,1020.8,18.7,16.1,14.2,12.1,77,34,0,9.1,30.0,24.4,0,49,0,"[0.9998975992202759, 0.00010126037523150444, 1.0559590464254143e-06]",No Rain
14,1019.3,17.5,16.5,15.6,12.9,79,81,1,1.5,60.0,33.2,1,565,1,"[0.0011860772501677275, 0.9361367225646973, 0.06267721205949783]",Light Rain
15,1015.4,16.1,15.1,14.5,14.6,97,97,1,0.0,50.0,37.5,2,616,2,"[2.642004126585107e-08, 5.156964562047506e-07, 0.9999995231628418]",Heavy Rain
16,1013.5,17.1,16.4,15.5,15.6,95,93,1,0.0,60.0,40.0,2,666,2,"[2.8216083691745553e-08, 3.679188864680327e-07, 0.9999996423721313]",Heavy Rain
17,1011.5,20.6,17.8,14.8,16.1,90,79,1,1.6,20.0,23.4,2,721,2,"[6.502018834453338e-08, 9.226532142747601e-07, 0.999998927116394]",Heavy Rain
18,1017.1,17.8,15.2,11.9,11.1,76,49,0,3.9,50.0,28.4,0,47,0,"[0.9997226595878601, 0.00027069300995208323, 6.674092674074927e-06]",No Rain
19,1020.1,17.6,16.4,15.3,12.5,78,84,0,1.0,60.0,38.0,0,84,0,"[0.9992815852165222, 0.0006775641813874245, 4.081946826772764e-05]",No Rain
20,1019.6,16.8,15.5,14.8,13.9,90,92,1,0.0,70.0,50.6,2,778,2,"[1.3450208768972516e-07, 1.1611150512180757e-05, 0.999988317489624]",Heavy Rain
21,1017.7,17.1,16.1,15.1,15.3,95,100,1,0.0,50.0,26.2,2,610,2,"[7.349878217155492e-08, 2.038052343777963e-06, 0.9999978542327881]",Heavy Rain
22,1018.9,16.2,14.1,10.3,12.9,92,100,1,0.0,50.0,35.3,2,823,2,"[5.076687958904813e-09, 6.753999173270131e-07, 0.9999992847442627]",Heavy Rain
23,1027.1,10.4,8.5,7.0,3.4,70,95,1,0.0,20.0,55.5,1,475,1,"[1.3805245544062927e-05, 0.9999372959136963, 4.886306851403788e-05]",Light Rain
24,1034.6,7.1,4.9,3.1,2.2,61,96,1,0.0,20.0,59.5,1,546,1,"[1.0433395800646394e-06, 0.9999960660934448, 2.842853291440406e-06]",Light Rain
25,1032.6,10.8,7.4,4.3,3.7,46,25,0,10.1,20.0,28.7,0,81,0,"[0.9993202686309814, 0.0006797577370889485, 3.600493458932874e-09]",No Rain
26,1027.1,13.5,10.4,8.1,2.5,59,85,1,0.4,20.0,21.3,1,443,1,"[1.31202359625604e-05, 0.9999783039093018, 8.630529009678867e-06]",Light Rain
27,1022.7,15.3,13.0,9.8,11.6,92,95,1,0.2,20.0,29.6,2,953,2,"[1.0687082330207431e-09, 4.327518183799839e-07, 0.9999995231628418]",Heavy Rain
28,1018.2,17.4,16.1,14.8,15.7,98,100,1,0.0,60.0,28.8,2,969,2,"[2.8517851274889594e-11, 1.0015510643057723e-09, 1.0]",Heavy Rain
29,1017.9,17.4,16.6,15.9,15.9,96,91,1,0.2,50.0,25.0,2,714,2,"[1.2683128325363668e-08, 2.95431078711772e-07, 0.9999997615814209]",Heavy Rain
30,1020.0,19.9,17.6,16.2,15.5,88,80,0,3.3,50.0,21.2,0,197,0,"[0.9995706677436829, 0.00025399820879101753, 0.0001752441457938403]",No Rain
31,1019.9,16.2,15.7,15.3,13.4,86,93,1,0.1,70.0,43.1,2,647,2,"[2.1880976419197395e-05, 0.004188551567494869, 0.9957895874977112]",Heavy Rain
1,1022.2,15.6,12.4,10.7,11.2,93,96,1,0.0,20.0,31.9,2,660,2,"[3.326646833556879e-07, 0.00011854225886054337, 0.9998810291290283]",Heavy Rain
2,1024.4,11.2,10.4,9.4,6.8,79,94,1,0.0,10.0,27.3,1,527,1,"[4.266115865902975e-05, 0.9990065693855286, 0.0009507745853625238]",Light Rain
3,1023.6,14.3,12.5,10.3,8.6,77,88,1,0.3,40.0,21.3,1,529,1,"[7.380377064691857e-05, 0.9987022876739502, 0.0012239138595759869]",Light Rain
4,1021.8,18.8,15.2,13.3,10.9,76,45,0,9.2,40.0,9.1,0,101,0,"[0.9999417066574097, 5.775539830210619e-05, 5.353959977583145e-07]",No Rain
5,1021.2,18.6,14.8,12.3,8.4,66,18,0,10.1,20.0,24.4,0,172,0,"[0.9999146461486816, 8.526515011908486e-05, 1.543078695931399e-07]",No Rain
6,1024.9,17.4,13.6,11.2,0.3,39,13,0,10.2,20.0,44.7,0,107,0,"[0.9998268485069275, 0.00017318179016001523, 1.1540590705294562e-09]",No Rain
7,1026.1,18.1,13.7,9.9,1.7,36,2,0,10.2,20.0,20.5,0,14,0,"[0.9999525547027588, 4.746443300973624e-05, 5.229742680579186e-11]",No Rain
8,1023.9,19.6,14.8,11.6,4.3,52,0,0,10.2,40.0,16.7,0,130,0,"[0.9999579191207886, 4.2037831008201465e-05, 1.5286224508415103e-09]",No Rain
9,1020.8,21.2,16.7,12.7,7.2,54,29,0,10.2,40.0,17.2,0,176,0,"[0.9999723434448242, 2.764833698165603e-05, 1.6509439149103855e-08]",No Rain
10,1017.5,17.3,16.6,15.3,9.8,64,77,1,0.1,40.0,22.0,1,239,1,"[0.0022098668850958347, 0.9976552724838257, 0.00013485224917531013]",Light Rain
11,1014.9,22.4,18.8,17.2,16.4,86,80,1,2.4,40.0,15.8,2,875,2,"[5.2312287834865856e-08, 1.2762687902068137e-06, 0.9999986886978149]",Heavy Rain
12,1013.4,21.6,19.2,17.6,18.5,95,86,1,0.6,30.0,13.9,2,932,2,"[3.0588262478481454e-10, 6.870610302911473e-09, 1.0]",Heavy Rain
13,1012.5,25.9,23.1,21.3,21.1,89,76,0,3.5,200.0,10.2,0,97,0,"[0.9995610117912292, 3.501133687677793e-05, 0.0004039675113745034]",No Rain
14,1014.8,24.6,21.7,17.4,18.1,81,82,1,3.9,20.0,15.3,2,768,2,"[1.2520882592070848e-05, 0.0012836757814511657, 0.9987038373947144]",Heavy Rain
15,1024.3,17.5,13.2,11.4,6.6,64,88,1,0.0,20.0,33.5,1,384,1,"[7.476699829567224e-05, 0.9998483657836914, 7.679522241232917e-05]",Light Rain
16,1025.4,15.1,12.8,10.9,6.0,63,89,0,0.7,20.0,23.5,0,185,0,"[0.9912062287330627, 0.008787056431174278, 6.720059900544584e-06]",No Rain
17,1024.1,14.4,12.9,11.6,8.9,77,91,1,0.0,20.0,19.2,1,345,1,"[0.00025722317514009774, 0.9995627999305725, 0.00017994549125432968]",Light Rain
18,1021.9,15.0,13.7,11.7,11.8,89,95,1,0.0,40.0,18.6,2,835,2,"[2.201469762042052e-08, 5.8525133681541774e-06, 0.999994158744812]",Heavy Rain
19,1020.3,16.3,15.3,14.6,13.3,88,94,1,0.0,40.0,22.2,2,898,2,"[9.488001495583376e-09, 1.7629101876082132e-06, 0.9999982118606567]",Heavy Rain
20,1023.2,20.1,16.0,12.5,9.6,67,55,1,5.9,20.0,23.9,1,533,1,"[0.0002497927634976804, 0.9996023774147034, 0.00014781730715185404]",Light Rain
21,1022.2,15.9,15.0,14.7,11.0,77,82,1,0.0,70.0,44.7,1,244,1,"[0.001698939362540841, 0.9971057772636414, 0.0011953400680795312]",Light Rain
22,1020.6,17.6,16.1,14.6,14.7,91,88,1,0.3,50.0,24.4,2,826,2,"[2.3734655130169813e-08, 1.8082827182297478e-06, 0.9999982118606567]",Heavy Rain
23,1022.3,16.7,15.5,13.7,14.3,92,88,1,0.0,20.0,19.3,2,861,2,"[7.458908157786936e-09, 1.0870141977648018e-06, 0.999998927116394]",Heavy Rain
24,1027.5,15.5,13.7,12.3,10.0,78,88,1,0.0,20.0,28.0,1,425,1,"[6.797155947424471e-05, 0.9997283816337585, 0.00020367823890410364]",Light Rain
25,1028.9,16.8,14.8,13.5,10.5,76,87,0,0.1,20.0,20.4,0,117,0,"[0.9967605471611023, 0.0032310686074197292, 8.396986231673509e-06]",No Rain
26,1027.4,17.6,15.2,14.0,11.6,79,88,1,0.2,30.0,15.2,1,401,1,"[8.47473056637682e-05, 0.9996860027313232, 0.00022927117242943496]",Light Rain
27,1024.7,17.5,15.5,13.8,11.7,79,79,1,5.0,20.0,9.1,1,395,1,"[0.0006043480825610459, 0.999079704284668, 0.00031591541483066976]",Light Rain
28,1023.8,20.9,16.6,13.3,11.5,72,49,0,9.5,20.0,9.2,0,11,0,"[0.9999641180038452, 3.575856680981815e-05, 1.2909313795717026e-07]",No Rain
29,1024.4,24.8,18.5,14.4,10.1,61,19,0,10.7,40.0,16.9,0,68,0,"[0.9999611377716064, 3.8880320062162355e-05, 1.629312507134273e-08]",No Rain
1,1024.7,19.7,16.5,14.6,11.5,73,43,0,9.9,70.0,34.2,0,86,0,"[0.9998955726623535, 0.00010303199087502435, 1.3759240573563147e-06]",No Rain
2,1023.8,20.6,16.6,14.4,11.4,72,32,0,10.6,60.0,27.1,0,131,0,"[0.9999102354049683, 8.900173270376399e-05, 7.045915708658868e-07]",No Rain
3,1020.9,23.8,18.7,15.4,14.0,75,46,0,10.0,40.0,14.7,0,194,0,"[0.99991774559021, 7.877260213717818e-05, 3.485740762698697e-06]",No Rain
4,1018.1,23.2,20.2,18.1,16.9,82,71,0,3.0,40.0,15.4,0,161,0,"[0.9995043277740479, 0.000369736400898546, 0.00012594506551977247]",No Rain
5,1016.7,23.1,20.8,19.2,16.9,79,83,1,0.5,30.0,13.3,1,330,1,"[0.001510186237283051, 0.9969559907913208, 0.001533861388452351]",Light Rain
6,1015.8,25.9,21.8,19.2,18.0,79,72,0,7.6,220.0,6.6,0,167,0,"[0.9998639822006226, 4.3260937673039734e-05, 9.274263720726594e-05]",No Rain
7,1014.9,21.3,19.7,18.9,18.2,91,76,1,0.0,40.0,13.8,2,643,2,"[9.297431233790121e-07, 1.850100488809403e-05, 0.9999805688858032]",Heavy Rain
8,1012.5,21.5,20.1,18.9,18.9,93,88,0,0.3,40.0,15.3,0,7,0,"[0.999769389629364, 1.5910422007436864e-05, 0.00021472781372722238]",No Rain
9,1012.5,22.9,20.8,17.1,19.9,95,88,1,0.6,50.0,15.1,2,865,2,"[7.916198807578212e-10, 1.5229485228474005e-08, 1.0]",Heavy Rain
10,1019.5,17.2,13.4,10.0,12.2,93,93,1,0.0,20.0,39.7,2,734,2,"[5.410924686088947e-08, 1.0454428775119595e-05, 0.9999895095825195]",Heavy Rain
11,1022.6,14.3,11.9,10.0,8.0,77,93,1,0.0,20.0,25.0,1,343,1,"[0.00028782154549844563, 0.9994020462036133, 0.0003101554175373167]",Light Rain
12,1017.7,14.5,13.6,12.7,11.4,87,100,1,0.0,50.0,36.0,2,688,2,"[7.488144433409616e-07, 0.00017492924234829843, 0.9998243451118469]",Heavy Rain
13,1014.5,17.0,15.8,14.4,15.1,96,99,1,0.0,50.0,22.8,2,951,2,"[2.9055976374925407e-11, 1.0567576813613755e-09, 1.0]",Heavy Rain
14,1018.0,16.5,15.3,14.2,12.4,83,89,1,1.1,20.0,26.7,2,865,2,"[3.9309620092353725e-07, 0.00014750509581062943, 0.9998520612716675]",Heavy Rain
15,1017.1,15.5,14.8,14.0,11.1,79,94,1,0.0,70.0,38.0,1,341,1,"[0.0017098085954785347, 0.9895874261856079, 0.008702722378075123]",Light Rain
16,1015.0,16.3,15.3,14.1,13.6,90,100,1,0.0,60.0,33.2,2,818,2,"[5.93604365661804e-09, 3.247585311783041e-07, 0.9999996423721313]",Heavy Rain
17,1014.3,17.4,16.5,15.6,16.0,97,97,1,0.0,50.0,26.5,2,884,2,"[1.319497289209437e-10, 3.3742475480380563e-09, 1.0]",Heavy Rain
18,1012.0,21.9,19.5,17.2,19.0,97,92,1,0.1,30.0,13.1,2,836,2,"[3.904135070786907e-10, 7.992394301936656e-09, 1.0]",Heavy Rain
19,1013.0,24.9,22.4,20.3,21.4,94,85,1,1.5,40.0,12.5,2,1011,2,"[2.2932981902368255e-10, 5.351510345974475e-09, 1.0]",Heavy Rain
20,1014.7,23.1,19.0,17.6,17.4,91,96,1,0.0,50.0,28.0,2,837,2,"[4.071275760963999e-09, 1.1035810842940919e-07, 0.9999998807907104]",Heavy Rain
21,1014.8,18.2,17.1,16.4,16.3,95,95,1,0.1,60.0,38.3,2,621,2,"[8.407433682577903e-08, 1.1367867500666762e-06, 0.9999986886978149]",Heavy Rain
22,1013.4,17.3,16.6,15.9,16.0,96,100,1,0.0,50.0,33.5,2,755,2,"[1.7686935249727753e-09, 3.3861056181194726e-08, 1.0]",Heavy Rain
23,1012.8,20.6,18.4,17.1,18.0,97,95,1,0.6,40.0,22.0,2,790,2,"[1.0019083340750967e-09, 1.8668135481902937e-08, 1.0]",Heavy Rain
24,1020.2,17.7,15.3,12.7,14.9,98,99,1,0.0,70.0,42.0,2,1010,2,"[1.7545092115267558e-11, 8.707553567077753e-10, 1.0]",Heavy Rain
25,1023.9,15.7,13.7,11.6,9.2,75,88,1,0.2,20.0,19.4,1,360,1,"[0.00016918689652811736, 0.9996832609176636, 0.00014756896416656673]",Light Rain
26,1023.6,20.2,15.8,12.6,9.8,68,22,0,11.1,70.0,13.4,0,5,0,"[0.99997878074646, 2.1236772226984613e-05, 2.3113702951604864e-08]",No Rain
27,1024.1,22.4,17.3,14.6,8.4,58,19,0,11.1,30.0,14.6,0,14,0,"[0.9999804496765137, 1.9589691873989068e-05, 3.0806885931156103e-09]",No Rain
28,1024.1,19.9,16.9,15.2,10.0,65,58,0,5.6,60.0,26.9,0,120,0,"[0.9996261596679688, 0.0003718071384355426, 1.996911123569589e-06]",No Rain
29,1021.4,19.4,17.7,15.7,9.6,59,74,1,2.4,50.0,20.5,1,572,1,"[4.7001780330901965e-05, 0.999833345413208, 0.00011964382429141551]",Light Rain
30,1018.3,22.2,20.0,18.4,16.3,79,89,1,2.4,40.0,14.8,1,484,1,"[0.0008619164582341909, 0.9839862585067749, 0.015151802450418472]",Light Rain
31,1015.3,25.5,21.5,19.1,18.9,86,83,0,6.1,50.0,4.5,0,38,0,"[0.9999459981918335, 1.4315826774691232e-05, 3.9643542550038546e-05]",No Rain
1,1014.5,25.3,21.9,19.9,19.5,86,83,0,3.6,50.0,8.3,0,155,0,"[0.9996416568756104, 6.0879425291204825e-05, 0.00029747679946012795]",No Rain
2,1015.6,23.8,21.3,19.8,19.6,90,81,1,1.5,40.0,14.5,2,742,2,"[3.2658402915330953e-07, 7.861621270421892e-06, 0.999991774559021]",Heavy Rain
3,1014.6,26.5,23.0,21.0,20.7,87,88,0,2.3,50.0,9.2,0,66,0,"[0.9997116923332214, 5.321040589478798e-05, 0.00023515988141298294]",No Rain
4,1012.5,28.1,23.6,20.7,21.4,88,84,1,2.2,120.0,8.0,2,1007,2,"[2.4945383536589816e-09, 8.010147212189622e-08, 0.9999998807907104]",Heavy Rain
5,1013.3,24.4,22.3,20.7,20.8,91,78,1,1.0,40.0,14.8,2,645,2,"[1.3888565035813372e-06, 3.087040749960579e-05, 0.9999676942825317]",Heavy Rain
6,1013.3,26.5,23.1,21.5,21.6,91,83,0,6.9,70.0,20.0,0,190,0,"[0.9991193413734436, 5.44197901035659e-05, 0.0008261750917881727]",No Rain
7,1013.2,26.9,23.9,22.4,22.3,91,84,0,1.8,40.0,10.0,0,69,0,"[0.999584972858429, 6.165327067719772e-05, 0.0003533769049681723]",No Rain
8,1013.3,27.9,25.3,23.2,22.9,87,84,1,2.5,40.0,9.1,2,794,2,"[4.409566827234812e-07, 2.801327900670003e-05, 0.9999715089797974]",Heavy Rain
9,1011.6,27.5,25.7,24.4,23.2,86,88,1,1.2,200.0,17.3,2,862,2,"[1.227050319130285e-07, 2.5271513095503906e-06, 0.9999973773956299]",Heavy Rain
10,1009.2,26.3,23.3,21.3,21.9,92,93,1,0.0,190.0,20.5,2,920,2,"[9.288593227907427e-10, 1.3104194174218264e-08, 1.0]",Heavy Rain
11,1010.1,22.8,21.5,20.1,19.9,91,89,1,0.0,70.0,31.8,2,626,2,"[3.290847985226719e-07, 3.4055206015182193e-06, 0.9999961853027344]",Heavy Rain
12,1009.1,21.3,20.3,19.9,19.3,94,88,1,0.0,70.0,29.8,2,656,2,"[7.273243340932822e-08, 5.813589041281375e-07, 0.9999992847442627]",Heavy Rain
13,1005.5,25.1,21.8,20.9,21.6,98,93,1,0.0,40.0,14.5,2,749,2,"[1.8515643462890807e-09, 2.3152713524154933e-08, 1.0]",Heavy Rain
14,1008.5,25.2,23.1,21.6,22.8,98,88,1,0.0,30.0,11.2,2,785,2,"[2.28333485452481e-09, 4.11766727381746e-08, 1.0]",Heavy Rain
15,1011.4,23.5,21.1,20.6,20.6,97,88,1,0.0,30.0,20.0,2,960,2,"[9.057528338463072e-11, 1.7271978292043855e-09, 1.0]",Heavy Rain
16,1010.5,28.1,24.7,20.6,22.7,89,81,1,3.5,210.0,15.3,2,929,2,"[9.840793957494043e-09, 1.1114646980558973e-07, 0.9999998807907104]",Heavy Rain
17,1010.9,27.5,25.9,24.1,24.2,90,86,1,1.1,190.0,16.0,2,857,2,"[3.529321190853807e-08, 6.247882993193343e-07, 0.9999994039535522]",Heavy Rain
18,1014.4,26.7,23.1,20.1,20.8,87,81,1,1.2,80.0,19.6,2,780,2,"[3.3067559002120106e-07, 8.602125490142498e-06, 0.9999910593032837]",Heavy Rain
19,1017.4,21.8,20.5,20.1,18.1,86,88,1,0.0,70.0,35.3,2,1009,2,"[3.973749773678037e-09, 1.5551594856333395e-07, 0.9999998807907104]",Heavy Rain
20,1014.6,22.9,21.6,20.2,19.5,88,89,1,0.2,40.0,20.9,2,853,2,"[2.634646634191995e-08, 6.457798349401855e-07, 0.9999994039535522]",Heavy Rain
21,1012.5,28.4,24.6,22.0,22.3,87,80,1,4.8,30.0,7.3,2,937,2,"[4.911225559567356e-08, 2.1763628410553792e-06, 0.9999978542327881]",Heavy Rain
22,1010.7,26.1,23.7,21.0,22.0,90,81,1,1.0,300.0,11.1,2,876,2,"[3.429477501981637e-08, 2.71039681365437e-07, 0.9999997615814209]",Heavy Rain
23,1008.2,27.7,24.9,22.6,22.8,88,81,1,0.3,240.0,13.0,2,1004,2,"[2.026274481536916e-09, 3.108432977683151e-08, 1.0]",Heavy Rain
24,1008.7,26.1,24.4,23.2,23.2,93,84,1,1.4,190.0,8.5,2,928,2,"[3.036302986814121e-09, 3.627222255886409e-08, 1.0]",Heavy Rain
25,1009.8,28.4,26.0,23.9,24.3,90,83,1,3.1,180.0,13.0,2,635,2,"[4.623632321454352e-06, 0.00016083437367342412, 0.9998345375061035]",Heavy Rain
26,1009.5,28.5,27.2,26.0,24.5,86,87,1,1.3,200.0,24.2,2,938,2,"[1.7874510760407247e-08, 4.719731236946245e-07, 0.9999995231628418]",Heavy Rain
27,1008.2,29.1,26.8,25.4,24.0,85,83,1,3.6,230.0,20.2,2,648,2,"[1.690441604296211e-05, 0.0006909483927302063, 0.9992921352386475]",Heavy Rain
28,1010.4,28.2,26.0,24.7,23.0,84,78,1,4.6,50.0,12.5,2,941,2,"[1.4083580879287183e-07, 5.549600246013142e-06, 0.9999942779541016]",Heavy Rain
29,1013.9,26.3,24.1,22.9,19.6,76,68,1,6.0,90.0,30.5,1,563,1,"[0.003034324385225773, 0.977546751499176, 0.01941896788775921]",Light Rain
30,1012.2,23.4,22.5,20.8,18.7,80,89,1,0.3,60.0,27.0,2,641,2,"[3.061742609133944e-05, 0.0008495335932821035, 0.9991198182106018]",Heavy Rain
1,1011.5,23.4,22.2,20.4,20.9,92,90,1,0.5,50.0,23.7,2,796,2,"[1.2749123534661067e-08, 1.9832808106912125e-07, 0.9999997615814209]",Heavy Rain
2,1011.0,29.8,25.6,22.8,23.6,89,82,1,2.0,50.0,11.1,2,707,2,"[5.244057774689281e-07, 4.105912012164481e-05, 0.9999585151672363]",Heavy Rain
3,1011.4,30.8,26.5,22.8,23.9,86,84,1,3.1,220.0,11.8,2,968,2,"[1.6157517990222914e-08, 6.328118047349562e-07, 0.9999994039535522]",Heavy Rain
4,1011.4,28.2,25.8,23.2,23.4,87,82,1,2.7,40.0,9.2,2,685,2,"[3.148998075630516e-06, 0.00028066380764357746, 0.9997162222862244]",Heavy Rain
5,1010.5,30.9,28.1,26.2,25.1,84,85,0,2.0,180.0,15.4,0,105,0,"[0.9992988109588623, 0.0001649725454626605, 0.0005361743387766182]",No Rain
6,1009.9,30.5,28.4,27.2,25.3,83,84,0,2.9,190.0,15.5,0,29,0,"[0.9997110962867737, 0.0001235495728906244, 0.0001653194340178743]",No Rain
7,1010.6,31.0,28.7,27.1,25.1,81,69,0,4.7,170.0,12.1,0,166,0,"[0.9994974136352539, 0.00028947461396455765, 0.0002129947824869305]",No Rain
8,1011.4,31.2,28.7,27.3,25.2,82,80,0,3.8,150.0,9.5,0,40,0,"[0.9996711015701294, 0.0002059962134808302, 0.00012292152678128332]",No Rain
9,1010.1,30.6,28.7,26.9,25.0,81,69,0,3.9,170.0,16.3,0,157,0,"[0.9993467926979065, 0.0003243245300836861, 0.00032896443735808134]",No Rain
10,1008.1,28.4,26.6,23.7,24.3,87,84,1,0.3,220.0,12.0,2,602,2,"[9.761854926182423e-06, 0.00047927748528309166, 0.9995110034942627]",Heavy Rain
11,1008.6,28.8,25.5,23.4,20.6,75,62,0,8.8,80.0,26.0,0,76,0,"[0.9999115467071533, 5.751275602960959e-05, 3.093651685048826e-05]",No Rain
12,1009.8,27.6,25.1,23.7,21.4,80,78,1,5.0,70.0,28.6,2,844,2,"[2.833097369148163e-06, 6.744215352227911e-05, 0.999929666519165]",Heavy Rain
13,1012.4,27.8,25.5,24.4,22.2,82,88,1,1.2,50.0,24.9,2,939,2,"[6.892764758958947e-08, 2.528503728171927e-06, 0.9999973773956299]",Heavy Rain
14,1014.2,27.7,25.4,24.0,23.4,89,86,1,2.8,70.0,28.3,2,949,2,"[1.2557499040610764e-08, 3.253816487358563e-07, 0.9999996423721313]",Heavy Rain
15,1012.1,29.8,26.6,24.4,23.7,85,75,1,7.7,50.0,15.7,2,877,2,"[8.603042260801885e-07, 6.700497033307329e-05, 0.9999321699142456]",Heavy Rain
16,1011.2,27.1,24.8,22.5,19.4,73,69,1,7.2,10.0,21.9,1,572,1,"[0.0007120160153135657, 0.9974241256713867, 0.001863907091319561]",Light Rain
17,1012.3,24.6,23.7,23.2,20.1,80,86,1,0.3,80.0,39.5,2,607,2,"[7.70121332607232e-05, 0.001569185289554298, 0.9983538389205933]",Heavy Rain
18,1012.0,26.3,24.5,23.4,19.9,76,79,0,4.8,70.0,30.3,0,189,0,"[0.9994012117385864, 0.00021071016089990735, 0.00038802612107247114]",No Rain
19,1009.9,28.1,25.5,24.0,22.5,84,85,1,3.5,70.0,26.4,2,697,2,"[3.254848479627981e-06, 0.0001457767211832106, 0.9998509883880615]",Heavy Rain
20,1006.9,26.2,25.2,24.3,24.2,94,88,1,0.1,40.0,22.3,2,784,2,"[6.418320985801529e-09, 1.5041445067254244e-07, 0.9999998807907104]",Heavy Rain
21,1005.9,28.3,26.5,24.7,24.3,88,77,1,1.9,230.0,25.9,2,1001,2,"[2.894289252708404e-09, 3.713069318678208e-08, 1.0]",Heavy Rain
22,1007.8,30.8,27.2,25.3,22.7,77,63,0,5.6,20.0,11.3,0,55,0,"[0.9998347759246826, 0.00014575754175893962, 1.940876063599717e-05]",No Rain
23,1008.4,28.9,26.8,24.8,23.2,81,65,1,6.4,20.0,7.9,1,283,1,"[0.0017440427327528596, 0.9981608986854553, 9.50627654674463e-05]",Light Rain
24,1007.9,30.7,27.5,25.4,24.1,82,61,1,7.6,180.0,7.4,1,546,1,"[0.003021455369889736, 0.9822219014167786, 0.014756713062524796]",Light Rain
25,1007.8,30.9,28.0,26.2,24.7,82,62,1,8.8,100.0,16.2,1,380,1,"[0.0006204096134752035, 0.9991347193717957, 0.000244947150349617]",Light Rain
26,1007.6,29.5,27.6,26.7,24.8,85,84,1,1.8,70.0,34.8,2,810,2,"[1.2816001060400595e-07, 7.114768322935561e-06, 0.9999927282333374]",Heavy Rain
27,1006.4,29.1,27.5,26.0,25.5,89,88,1,1.2,130.0,32.5,2,896,2,"[3.854709440531678e-09, 1.4921231183961936e-07, 0.9999998807907104]",Heavy Rain
28,1007.6,30.3,27.7,24.5,25.6,89,89,1,1.2,200.0,24.0,2,920,2,"[3.331591891253538e-09, 1.3232317996880738e-07, 0.9999998807907104]",Heavy Rain
29,1007.9,31.0,29.1,27.2,26.1,84,77,1,3.6,210.0,19.0,2,785,2,"[3.2956495488178916e-06, 0.000492013234179467, 0.9995046854019165]",Heavy Rain
30,1008.8,32.1,29.8,28.0,26.0,80,73,1,9.8,220.0,22.8,2,604,1,"[0.0020052273757755756, 0.8480604887008667, 0.1499343067407608]",Light Rain
31,1009.5,31.8,29.9,28.7,25.7,79,72,0,7.0,220.0,25.2,0,41,0,"[0.9997557997703552, 0.0001703976304270327, 7.373830885626376e-05]",No Rain
1,1007.8,32.8,30.1,28.6,26.2,80,73,0,7.2,230.0,31.7,0,19,0,"[0.9996201992034912, 0.00027560885064303875, 0.00010410146933281794]",No Rain
2,1006.0,33.0,30.3,28.7,26.3,79,58,0,10.0,230.0,27.4,0,31,0,"[0.9998189806938171, 0.0001551887980895117, 2.5913090212270617e-05]",No Rain
3,1006.5,32.4,30.3,29.0,26.5,80,77,1,5.2,220.0,28.8,2,772,2,"[3.404286690056324e-05, 0.008669757284224033, 0.9912961721420288]",Heavy Rain
4,1007.9,33.8,28.7,24.7,25.4,83,75,1,5.5,220.0,20.8,2,851,2,"[1.8884214796344168e-06, 0.00011233989789616317, 0.9998857975006104]",Heavy Rain
5,1008.8,30.4,26.9,25.0,24.3,86,87,1,0.7,20.0,9.8,2,866,2,"[2.8907962246194074e-08, 2.5773756533453707e-06, 0.9999973773956299]",Heavy Rain
6,1008.8,29.1,26.2,24.8,24.7,91,80,1,2.2,20.0,11.2,2,784,2,"[7.379522770634139e-08, 5.137534117238829e-06, 0.9999947547912598]",Heavy Rain
7,1008.1,30.7,28.1,26.3,25.4,86,75,1,5.7,20.0,9.5,2,758,2,"[3.5678333460964495e-06, 0.0016188481822609901, 0.9983775615692139]",Heavy Rain
8,1006.3,30.0,27.1,24.1,25.1,89,85,1,3.1,190.0,12.6,2,819,2,"[6.379590189453666e-08, 3.2002080843085423e-06, 0.9999966621398926]",Heavy Rain
9,1005.7,31.7,28.2,26.6,25.7,86,79,1,6.5,101.5068493150685,21.53698630136986,2,852,2,"[2.408022510280716e-07, 2.5983004888985306e-05, 0.9999737739562988]",Heavy Rain
10,1005.7,31.1,27.9,26.6,25.8,89,80,1,4.5,220.0,14.6,2,740,2,"[8.957210866356036e-07, 5.6682976719457656e-05, 0.9999423027038574]",Heavy Rain
11,1005.9,27.8,26.6,25.4,25.4,93,85,1,0.0,230.0,20.0,2,896,2,"[2.7044770867235e-09, 3.7953125087142325e-08, 1.0]",Heavy Rain
12,1005.7,29.2,27.1,25.4,25.8,93,96,1,0.0,220.0,29.8,2,769,2,"[7.224576048514564e-09, 1.6742698960570124e-07, 0.9999998807907104]",Heavy Rain
13,1005.0,31.5,29.7,28.5,26.7,84,90,1,1.3,220.0,24.3,2,765,2,"[3.247419613217062e-07, 4.240324051352218e-05, 0.9999572038650513]",Heavy Rain
14,1004.2,31.7,30.2,29.2,26.6,81,88,1,2.4,220.0,30.0,2,750,2,"[1.5327898381656269e-06, 0.00020536185184028, 0.9997931122779846]",Heavy Rain
15,1005.3,32.0,30.3,29.3,26.3,79,86,1,1.6,210.0,29.3,1,466,1,"[0.0005080735427327454, 0.6756467819213867, 0.32384514808654785]",Light Rain
16,1006.7,31.4,29.4,28.2,25.9,82,88,1,1.6,230.0,23.2,2,952,2,"[3.907161172378437e-08, 2.664256953721633e-06, 0.9999973773956299]",Heavy Rain
17,1008.2,32.1,29.4,26.7,25.9,82,85,1,7.2,220.0,12.8,2,864,2,"[2.1001858385716332e-06, 0.000168760001542978, 0.9998290538787842]",Heavy Rain
18,1010.5,30.8,29.3,27.7,26.0,83,81,1,2.3,200.0,19.8,2,692,2,"[2.725525337154977e-05, 0.0083211874589324, 0.9916514754295349]",Heavy Rain
19,1010.3,34.2,30.1,27.8,26.1,80,41,0,12.0,130.0,12.4,0,157,0,"[0.9994493126869202, 0.0005309403641149402, 1.981826608243864e-05]",No Rain
20,1008.5,34.4,30.8,28.6,26.3,78,59,1,9.1,170.0,12.1,1,251,1,"[9.438122651772574e-05, 0.9999018907546997, 3.714384092745604e-06]",Light Rain
21,1009.3,33.7,30.6,28.7,25.6,75,51,0,10.0,200.0,12.6,0,23,0,"[0.9997568726539612, 0.00023819779744371772, 4.91582022732473e-06]",No Rain
22,1009.5,33.7,30.5,28.5,25.3,75,32,0,9.3,220.0,10.9,0,173,0,"[0.9994785189628601, 0.0004954926553182304, 2.6014680770458654e-05]",No Rain
23,1008.4,34.1,30.4,28.4,24.7,72,20,0,11.4,210.0,9.6,0,32,0,"[0.9996466636657715, 0.00035190428025089204, 1.4228438658392406e-06]",No Rain
24,1008.1,35.2,31.0,28.8,25.0,72,38,0,11.2,180.0,9.0,0,196,0,"[0.9995120763778687, 0.00047561581595800817, 1.2250755389686674e-05]",No Rain
25,1008.9,35.5,31.4,28.9,26.1,74,39,0,10.6,150.0,9.1,0,75,0,"[0.9991532564163208, 0.000843182613607496, 3.5317705169291003e-06]",No Rain
26,1009.1,35.1,31.3,29.4,26.3,75,57,1,9.9,160.0,11.9,1,260,1,"[8.143459126586094e-05, 0.9999170303344727, 1.5798282220202964e-06]",Light Rain
27,1007.5,35.1,31.1,28.6,26.7,78,61,1,8.6,60.0,15.7,1,492,1,"[8.678375888848677e-05, 0.99986732006073, 4.5921817218186334e-05]",Light Rain
28,1007.5,32.3,29.1,26.3,26.3,85,83,1,4.2,220.0,26.1,2,630,2,"[1.828061976993922e-05, 0.005024487618356943, 0.9949572682380676]",Heavy Rain
29,1010.0,33.3,29.0,27.5,26.7,87,79,1,3.9,160.0,23.4,2,622,2,"[2.2897071175975725e-05, 0.01671447418630123, 0.9832626581192017]",Heavy Rain
30,1010.3,33.1,30.0,27.8,26.0,80,83,1,6.3,190.0,24.4,2,985,2,"[2.5028117534020566e-07, 1.793983392417431e-05, 0.9999818801879883]",Heavy Rain
1,1008.9,33.0,30.1,27.7,26.0,79,78,1,5.3,190.0,21.9,1,556,1,"[0.0004388145753182471, 0.9728673696517944, 0.026693901047110558]",Light Rain
2,1009.1,32.0,29.4,26.9,26.0,82,86,1,2.7,200.0,21.9,2,954,2,"[5.163916227957088e-08, 5.090214017400285e-06, 0.9999948740005493]",Heavy Rain
3,1008.7,31.5,29.4,27.3,25.8,82,84,1,1.8,190.0,25.1,2,938,2,"[5.9442637478923643e-08, 5.614434485323727e-06, 0.9999943971633911]",Heavy Rain
4,1006.6,33.0,30.1,28.0,25.9,78,83,1,6.8,180.0,33.0,1,584,1,"[0.0007180216489359736, 0.6617997884750366, 0.337482213973999]",Light Rain
5,1007.5,32.6,29.0,25.8,26.5,87,88,1,5.4,130.0,22.5,2,657,2,"[2.4801622657832922e-06, 0.0008308417745865881, 0.99916672706604]",Heavy Rain
6,1008.4,28.8,27.3,24.7,26.0,93,88,1,0.5,130.0,24.8,2,654,2,"[1.784207910304758e-07, 7.04599642631365e-06, 0.999992847442627]",Heavy Rain
7,1005.9,34.0,30.2,27.9,25.6,77,53,1,10.5,270.0,11.3,1,485,1,"[0.0030904519371688366, 0.9967020153999329, 0.0002074952790280804]",Light Rain
8,1001.0,34.2,31.0,28.1,25.9,75,46,0,10.4,280.0,23.5,0,135,0,"[0.9999034404754639, 7.998669752851129e-05, 1.6619631423964165e-05]",No Rain
9,999.0,35.6,31.5,26.4,26.4,75,57,1,10.0,280.0,25.0,1,380,1,"[0.003458115505054593, 0.9964266419410706, 0.00011528936738613993]",Light Rain
10,1000.3,31.3,28.6,26.2,25.0,81,88,1,2.5,240.0,18.8,2,950,2,"[3.3723161152465764e-08, 8.619460913905641e-07, 0.9999991655349731]",Heavy Rain
11,1002.2,31.1,28.9,26.1,26.1,85,89,1,2.4,240.0,19.8,2,775,2,"[2.2293319545951817e-07, 1.3769861652690452e-05, 0.999985933303833]",Heavy Rain
12,1003.8,29.0,28.1,27.0,25.1,84,88,1,0.0,230.0,16.3,2,782,2,"[2.761419466423831e-07, 1.4496103176497854e-05, 0.9999852180480957]",Heavy Rain
13,1005.0,31.7,28.6,25.6,26.1,87,82,1,2.2,160.0,12.6,2,891,2,"[1.9530439487880358e-08, 2.244972620246699e-06, 0.9999977350234985]",Heavy Rain
14,1006.8,30.3,28.9,26.4,26.2,86,83,1,0.2,230.0,14.3,2,850,2,"[9.118556221210383e-08, 7.690458005527034e-06, 0.9999921321868896]",Heavy Rain
15,1007.0,33.0,30.2,28.6,26.4,81,78,1,6.2,230.0,22.4,2,929,2,"[1.0057252666229033e-06, 6.626639515161514e-05, 0.9999327659606934]",Heavy Rain
16,1008.1,33.2,30.6,29.0,26.4,79,69,1,8.5,240.0,25.1,1,484,1,"[0.0005666437791660428, 0.9972942471504211, 0.002139054238796234]",Light Rain
17,1008.5,33.2,30.6,29.0,26.2,78,69,0,9.2,230.0,23.7,0,137,0,"[0.9997814297676086, 0.00014564470620825887, 7.297137199202552e-05]",No Rain
18,1007.5,32.4,30.4,28.7,25.3,74,72,1,10.1,230.0,23.7,1,325,1,"[0.0004210294864606112, 0.9994240999221802, 0.00015488093777094036]",Light Rain
19,1007.9,32.3,29.9,26.7,25.8,79,78,1,4.1,220.0,25.1,1,297,1,"[0.0002756410394795239, 0.9991030693054199, 0.0006213242886587977]",Light Rain
20,1009.8,31.9,29.2,25.6,25.6,82,70,1,6.4,220.0,22.6,2,999,2,"[4.3009853811781795e-07, 1.1224052286706865e-05, 0.999988317489624]",Heavy Rain
21,1010.9,33.3,30.0,27.5,25.3,76,49,1,8.8,220.0,12.3,1,590,1,"[0.0006153511931188405, 0.9990618824958801, 0.0003228152927476913]",Light Rain
22,1010.3,32.9,30.0,28.1,25.2,76,29,0,11.4,240.0,14.5,0,79,0,"[0.9997459053993225, 0.00024446388124488294, 9.656008842284791e-06]",No Rain
23,1008.9,32.8,30.0,28.0,25.4,77,32,0,11.9,250.0,21.6,0,132,0,"[0.9997614026069641, 0.00020934230997227132, 2.9217109840828925e-05]",No Rain
24,1008.4,34.0,30.4,28.0,24.6,72,21,0,12.1,240.0,16.0,0,115,0,"[0.9996342658996582, 0.0003576961171347648, 8.011755198822357e-06]",No Rain
25,1008.6,35.0,30.8,28.3,25.5,74,28,0,11.0,130.0,8.3,0,121,0,"[0.9990861415863037, 0.0009099666494876146, 3.896530415659072e-06]",No Rain
26,1008.3,32.0,29.4,27.0,26.4,84,57,1,7.4,60.0,17.5,1,543,1,"[0.0003389452467672527, 0.9935196042060852, 0.006141443271189928]",Light Rain
27,1009.3,33.4,30.2,28.0,25.3,76,44,1,10.1,200.0,9.5,1,410,1,"[0.0005160977016203105, 0.9994631409645081, 2.074993244605139e-05]",Light Rain
28,1009.7,32.9,30.1,28.1,24.8,74,29,0,11.8,240.0,12.8,0,9,0,"[0.9998204112052917, 0.00017714760906528682, 2.518041810617433e-06]",No Rain
29,1008.5,33.7,30.3,27.6,24.9,74,32,0,11.8,260.0,21.9,0,169,0,"[0.9997156262397766, 0.00024829237372614443, 3.607249527703971e-05]",No Rain
30,1006.6,33.5,29.9,28.7,24.7,74,49,1,6.3,270.0,16.1,1,251,1,"[0.00044283486204221845, 0.9995436072349548, 1.3476551430358086e-05]",Light Rain
31,1005.1,33.9,30.1,27.0,24.9,74,47,1,10.4,50.0,14.1,1,462,1,"[0.00018397439271211624, 0.9998041987419128, 1.1813011042249855e-05]",Light Rain
1,1011.2,32.2,28.9,26.9,24.6,78,69,0,10.7,20.0,11.8,0,115,0,"[0.9998457431793213, 0.00013923775986768305, 1.5073631402628962e-05]",No Rain
2,1011.6,32.3,28.9,26.8,24.5,78,54,0,11.4,100.0,9.8,0,49,0,"[0.9998425245285034, 0.0001521185040473938, 5.331259671947919e-06]",No Rain
3,1010.6,33.3,29.5,27.3,24.5,75,38,0,10.3,20.0,5.5,0,186,0,"[0.9990655779838562, 0.0009283933904953301, 6.031626071489882e-06]",No Rain
4,1008.3,33.3,29.4,26.8,24.1,74,29,0,5.7,10.0,4.4,0,23,0,"[0.9974115490913391, 0.0025858674198389053, 2.5589115466573276e-06]",No Rain
5,1006.1,33.3,29.6,27.6,24.4,74,27,0,10.8,220.0,8.7,0,83,0,"[0.9998635053634644, 0.00013262152788229287, 3.8127400330267847e-06]",No Rain
6,1005.3,33.1,30.1,27.8,24.2,72,29,0,10.6,220.0,6.1,0,112,0,"[0.9998733997344971, 0.00012284818512853235, 3.6767025903827744e-06]",No Rain
7,1003.4,33.3,30.7,28.2,24.9,72,40,0,10.0,290.0,10.9,0,142,0,"[0.9999346733093262, 5.807932757306844e-05, 7.320461008930579e-06]",No Rain
8,998.5,36.3,32.4,30.0,24.0,62,55,0,10.8,290.0,17.2,0,38,0,"[0.9999529123306274, 4.5691587729379535e-05, 1.4870903441988048e-06]",No Rain
9,998.5,34.7,31.0,26.9,24.8,71,80,1,10.0,220.0,26.4,1,360,1,"[0.0014215124538168311, 0.9982041120529175, 0.00037433544639497995]",Light Rain
10,1004.5,30.6,28.1,25.1,25.2,85,88,1,0.6,230.0,20.2,2,735,2,"[3.6520668800221756e-07, 2.7196492737857625e-05, 0.9999724626541138]",Heavy Rain
11,1007.3,32.8,29.2,26.3,25.4,81,77,1,6.5,220.0,13.9,2,949,2,"[9.839528729571612e-07, 4.849792821914889e-05, 0.9999505281448364]",Heavy Rain
12,1007.9,33.7,30.0,27.8,25.8,79,78,1,9.1,220.0,11.9,1,263,1,"[0.00031958098406903446, 0.9996034502983093, 7.700475543970242e-05]",Light Rain
13,1007.9,29.6,28.0,26.4,25.6,87,84,1,0.1,230.0,22.9,2,1015,2,"[2.349094030407173e-09, 8.280179031316948e-08, 0.9999998807907104]",Heavy Rain
14,1007.4,28.8,26.9,25.6,25.1,90,88,1,0.2,210.0,12.9,2,955,2,"[2.6164233002390347e-09, 6.856971168645032e-08, 0.9999998807907104]",Heavy Rain
15,1008.5,28.6,27.0,24.9,25.0,89,88,1,0.3,220.0,14.2,2,600,2,"[4.393727067508735e-06, 0.0002175359841203317, 0.9997780919075012]",Heavy Rain
16,1008.5,31.2,29.2,26.9,26.5,86,88,1,0.2,230.0,18.0,2,794,2,"[2.170404087564748e-07, 2.7023870643461123e-05, 0.9999727010726929]",Heavy Rain
17,1008.2,32.4,29.9,28.3,26.6,83,81,1,8.4,230.0,20.5,2,782,2,"[1.1462355359981302e-05, 0.001700386288575828, 0.9982882142066956]",Heavy Rain
18,1008.0,33.8,30.2,28.4,25.8,78,67,1,10.2,220.0,18.1,1,533,1,"[0.0008422634564340115, 0.9963304400444031, 0.002827308839187026]",Light Rain
19,1007.7,32.8,30.1,28.1,25.7,77,59,0,10.4,230.0,16.6,0,60,0,"[0.9998998641967773, 8.748178515816107e-05, 1.2639499800570775e-05]",No Rain
20,1006.3,31.2,29.1,26.8,26.1,84,67,1,5.0,270.0,6.9,1,432,1,"[0.001476092031225562, 0.9897598624229431, 0.008764027617871761]",Light Rain
21,1002.2,33.4,30.0,26.9,25.5,77,70,0,7.7,350.0,13.6,0,54,0,"[0.9999687671661377, 2.2639966118731536e-05, 8.626151611679234e-06]",No Rain
22,1000.1,32.0,30.2,28.4,24.4,71,48,1,6.1,10.0,12.0,1,555,1,"[0.00013522195513360202, 0.9997361302375793, 0.0001285791367990896]",Light Rain
23,1000.0,32.9,30.6,28.0,24.2,69,30,1,7.6,220.0,11.7,1,223,1,"[0.001250589033588767, 0.9987457990646362, 3.5374616800254444e-06]",Light Rain
24,1002.4,33.2,30.7,28.3,24.3,70,48,0,7.8,10.0,11.0,0,193,0,"[0.9994226694107056, 0.0005707066156901419, 6.625517471547937e-06]",No Rain
25,1005.5,34.4,30.6,27.9,23.2,65,22,0,9.1,10.0,10.7,0,29,0,"[0.9984728693962097, 0.0015268527204170823, 2.0197312267100642e-07]",No Rain
26,1008.1,31.7,28.9,27.8,25.3,81,78,1,1.1,40.0,16.4,2,854,2,"[5.850449156241666e-07, 0.00015998886374291033, 0.9998394250869751]",Heavy Rain
27,1008.1,32.4,29.0,27.0,25.0,79,75,0,6.7,200.0,12.0,0,195,0,"[0.9997534155845642, 0.00013241951819509268, 0.00011420753435231745]",No Rain
28,1006.5,31.2,28.3,26.9,24.4,79,84,1,4.5,210.0,8.9,1,526,1,"[0.001691425684839487, 0.9354495406150818, 0.06285909563302994]",Light Rain
29,1006.2,29.6,27.8,26.5,24.8,84,87,1,3.1,230.0,11.0,2,878,2,"[2.4383993491028377e-07, 9.915830560203176e-06, 0.9999898672103882]",Heavy Rain
30,1006.8,27.9,26.6,25.8,25.2,92,88,1,0.0,220.0,5.9,2,603,2,"[2.5490353436907753e-06, 6.86700368532911e-05, 0.9999288320541382]",Heavy Rain
31,1007.4,29.0,27.4,25.8,25.0,87,88,1,0.9,40.0,5.7,2,914,2,"[1.1025279356147166e-08, 8.078637279140821e-07, 0.9999991655349731]",Heavy Rain
1,1007.8,28.9,27.4,25.7,25.4,89,87,1,0.4,50.0,8.6,2,906,2,"[6.104670546847046e-09, 4.035906897570385e-07, 0.9999996423721313]",Heavy Rain
2,1010.9,27.7,25.8,24.5,24.8,94,88,1,0.0,110.0,16.5,2,915,2,"[1.499053547959761e-09, 4.3973020780185834e-08, 1.0]",Heavy Rain
3,1013.0,29.0,27.6,25.8,25.8,90,87,1,0.7,60.0,18.2,2,735,2,"[2.799815206344647e-07, 1.7171592844533734e-05, 0.9999825954437256]",Heavy Rain
4,1013.1,32.9,29.1,27.0,25.7,82,60,0,8.7,80.0,9.8,0,162,0,"[0.9994382262229919, 0.00048088323092088103, 8.084547152975574e-05]",No Rain
5,1011.1,31.9,29.3,27.2,24.8,78,38,0,11.0,220.0,11.7,0,82,0,"[0.999825656414032, 0.00016206098371185362, 1.222990522364853e-05]",No Rain
6,1008.1,32.3,29.6,27.8,25.6,79,43,0,9.7,240.0,24.9,0,80,0,"[0.9997583031654358, 0.00019643991254270077, 4.5324424718273804e-05]",No Rain
7,1007.2,29.6,28.3,26.7,25.9,87,82,1,0.5,250.0,21.3,2,721,2,"[7.526252261413902e-07, 5.022518598707393e-05, 0.9999490976333618]",Heavy Rain
8,1009.4,30.7,27.9,26.4,23.1,75,60,0,8.3,60.0,29.0,0,101,0,"[0.9996869564056396, 0.0002751933643594384, 3.787814057432115e-05]",No Rain
9,1012.0,31.2,28.2,26.5,23.0,74,44,1,10.1,70.0,26.2,1,568,1,"[0.0002322529471712187, 0.9996433258056641, 0.0001243558945134282]",Light Rain
10,1012.7,31.3,28.1,26.5,23.2,75,47,0,7.9,60.0,24.5,0,93,0,"[0.999200165271759, 0.0007800408639013767, 1.977370266104117e-05]",No Rain
11,1011.1,31.0,28.1,26.8,23.7,77,46,1,8.4,100.0,21.4,1,470,1,"[0.00044413056457415223, 0.9994502663612366, 0.00010565260163275525]",Light Rain
12,1011.5,30.5,27.9,26.2,23.2,76,66,1,6.7,90.0,22.6,1,447,1,"[0.0004104887484572828, 0.9993159770965576, 0.00027353756013326347]",Light Rain
13,1013.0,31.2,28.0,25.8,21.4,68,49,0,9.2,50.0,39.9,0,80,0,"[0.9993265867233276, 0.0006663635722361505, 7.082268894009758e-06]",No Rain
14,1012.2,31.4,28.0,25.9,22.1,71,46,0,9.3,60.0,41.3,0,9,0,"[0.9992289543151855, 0.0007643962162546813, 6.690636837447528e-06]",No Rain
15,1011.3,31.9,28.6,26.5,23.1,73,60,0,9.0,70.0,39.5,0,121,0,"[0.9992645382881165, 0.0006798501126468182, 5.561711805057712e-05]",No Rain
16,1011.9,31.0,28.1,26.9,24.5,81,86,1,2.1,70.0,32.2,2,766,2,"[3.425246859478648e-06, 0.0005415864870883524, 0.999454915523529]",Heavy Rain
17,1014.6,30.6,28.2,27.1,24.2,79,72,1,7.1,70.0,27.4,1,257,1,"[0.00046240349183790386, 0.9994944334030151, 4.310162694309838e-05]",Light Rain
18,1015.0,31.8,28.5,26.8,24.0,77,47,1,8.6,70.0,14.5,1,386,1,"[0.00011899371747858822, 0.9998722076416016, 8.814061402517837e-06]",Light Rain
19,1012.2,30.6,28.3,26.8,24.3,79,67,0,3.8,180.0,8.1,0,144,0,"[0.9994101524353027, 0.00041505496483296156, 0.00017483593546785414]",No Rain
20,1009.3,31.1,28.7,27.1,24.5,78,74,1,7.7,200.0,14.5,1,560,1,"[0.0013492490397766232, 0.9797223210334778, 0.01892841048538685]",Light Rain
21,1008.6,28.7,27.4,25.5,23.8,81,88,1,0.4,190.0,11.9,2,838,2,"[5.746613283008628e-07, 3.563447171472944e-05, 0.9999637603759766]",Heavy Rain
22,1009.9,31.0,28.1,26.3,25.5,86,67,1,8.8,110.0,14.8,1,327,1,"[0.0008923253626562655, 0.9983616471290588, 0.0007460156921297312]",Light Rain
23,1009.1,32.0,28.9,27.3,25.3,81,40,1,6.8,110.0,10.2,1,251,1,"[0.0002742484211921692, 0.9997186064720154, 7.099244157870999e-06]",Light Rain
24,1006.7,32.0,29.3,27.4,24.7,77,23,0,11.1,230.0,17.3,0,134,0,"[0.9997982382774353, 0.00018301310774404556, 1.867702121671755e-05]",No Rain
25,1004.9,32.2,29.7,28.1,25.3,78,38,0,11.0,230.0,20.5,0,144,0,"[0.9998698234558105, 0.00010509097046451643, 2.498806315998081e-05]",No Rain
26,1006.7,32.2,28.7,26.9,26.3,87,71,1,4.7,90.0,14.0,2,1008,2,"[1.0656021842692098e-08, 1.0389845783720375e-06, 0.999998927116394]",Heavy Rain
27,1008.2,30.2,27.8,26.5,25.0,85,81,1,2.5,90.0,15.1,2,760,2,"[1.0174206863666768e-06, 0.00012487581989262253, 0.9998739957809448]",Heavy Rain
28,1006.7,32.8,29.0,25.8,20.6,61,30,0,11.1,10.0,16.4,0,129,0,"[0.9997656941413879, 0.00023401880753226578, 1.8014453928572038e-07]",No Rain
29,1005.6,31.3,29.7,27.4,20.0,56,53,0,10.4,230.0,15.5,0,157,0,"[0.9999686479568481, 3.00300835078815e-05, 1.2762974392899196e-06]",No Rain
30,1011.0,32.7,29.8,28.2,24.8,75,78,1,8.5,140.0,12.7,1,246,1,"[0.00025173352332785726, 0.9997352957725525, 1.2928720025229268e-05]",Light Rain
1,1013.0,31.7,28.8,26.4,25.3,81,84,1,2.9,30.0,7.9,2,985,2,"[9.69876055023633e-08, 1.9865356080117635e-05, 0.9999799728393555]",Heavy Rain
2,1012.4,31.6,27.9,26.5,23.1,76,82,1,4.2,10.0,30.6,1,447,1,"[0.00042207122896797955, 0.9990122318267822, 0.0005656200228258967]",Light Rain
3,1011.7,29.7,26.8,24.2,23.7,83,88,1,1.6,60.0,52.8,2,803,2,"[2.7762933996200445e-07, 1.4681195352750365e-05, 0.9999850988388062]",Heavy Rain
4,1013.2,27.8,26.7,24.9,25.2,92,95,1,0.0,120.0,50.7,2,875,2,"[2.0158852365170787e-09, 8.12509242109627e-08, 0.9999998807907104]",Heavy Rain
5,1015.2,27.8,26.7,25.4,25.4,93,88,1,0.9,100.0,37.0,2,877,2,"[6.4239791264242285e-09, 1.9491969283080834e-07, 0.9999997615814209]",Heavy Rain
6,1014.1,26.8,26.0,25.3,25.4,97,86,1,0.4,100.0,30.4,2,830,2,"[4.700476008423493e-09, 1.0234410297016439e-07, 0.9999998807907104]",Heavy Rain
7,1012.7,27.6,26.4,25.0,25.0,92,85,1,0.7,140.0,12.5,2,628,2,"[3.569217142285197e-06, 9.656284237280488e-05, 0.9998998641967773]",Heavy Rain
8,1010.5,30.0,27.8,26.1,23.1,76,54,0,10.6,300.0,13.0,0,62,0,"[0.9999614953994751, 2.3180733478511684e-05, 1.5378516764030792e-05]",No Rain
9,1011.3,29.4,26.8,24.8,20.9,70,45,1,7.1,20.0,20.4,1,332,1,"[0.0004132831236347556, 0.9995790123939514, 7.747943527647294e-06]",Light Rain
10,1013.7,26.6,24.3,21.1,19.9,77,85,1,0.6,20.0,30.2,1,244,1,"[0.0045547569170594215, 0.9946826100349426, 0.0007625979487784207]",Light Rain
11,1018.0,22.1,20.5,18.5,16.6,78,88,1,0.0,20.0,38.3,1,257,1,"[0.0037529049441218376, 0.9945911765098572, 0.0016559199430048466]",Light Rain
12,1019.0,24.9,23.1,21.0,16.8,67,88,1,0.0,50.0,28.2,1,335,1,"[0.0006334719946607947, 0.9991432428359985, 0.00022328802151605487]",Light Rain
13,1018.7,27.8,25.1,23.3,19.1,70,68,1,10.5,70.0,32.4,1,467,1,"[0.000675193325150758, 0.9990504384040833, 0.0002743611403275281]",Light Rain
14,1017.4,28.2,25.0,23.1,20.1,75,51,0,7.4,70.0,23.9,0,103,0,"[0.999616265296936, 0.00035621566348709166, 2.75791699095862e-05]",No Rain
15,1015.2,28.7,25.2,23.1,20.7,76,19,0,9.1,90.0,14.1,0,163,0,"[0.9994210004806519, 0.0005680190515704453, 1.0982746971421875e-05]",No Rain
16,1013.8,29.4,25.8,23.3,20.4,73,20,0,10.5,30.0,9.9,0,107,0,"[0.9997281432151794, 0.00027087912894785404, 9.474545663579192e-07]",No Rain
17,1013.4,30.8,26.2,23.6,19.5,69,17,0,10.5,70.0,12.4,0,8,0,"[0.999789297580719, 0.00021065733744762838, 1.7547976938203647e-07]",No Rain
18,1012.5,29.1,25.5,23.5,19.3,70,43,0,9.7,60.0,8.9,0,27,0,"[0.9999456405639648, 5.364044409361668e-05, 6.943106427570456e-07]",No Rain
19,1010.2,28.2,25.3,23.1,16.7,59,79,0,4.4,20.0,17.3,0,24,0,"[0.9999525547027588, 4.661062121158466e-05, 8.765867391957727e-07]",No Rain
20,1008.3,29.1,26.2,23.8,17.3,58,78,0,7.5,10.0,17.2,0,156,0,"[0.9999721050262451, 2.659324491105508e-05, 1.3571734598372132e-06]",No Rain
21,1010.2,29.2,26.4,24.3,19.3,65,64,1,6.4,10.0,13.2,1,334,1,"[0.00030269610579125583, 0.9996892213821411, 8.084229193627834e-06]",Light Rain
22,1012.0,30.6,27.0,25.3,20.9,70,48,0,7.8,120.0,9.2,0,189,0,"[0.99980229139328, 0.00018497418204788119, 1.2738069017359521e-05]",No Rain
23,1013.0,30.7,27.0,24.8,21.6,73,50,0,8.3,80.0,9.9,0,151,0,"[0.9997560381889343, 0.00023203957243822515, 1.1954954061366152e-05]",No Rain
24,1015.0,29.6,26.8,24.9,22.1,76,61,1,8.2,80.0,19.7,1,224,1,"[0.0005023704725317657, 0.9994866847991943, 1.0936955732177012e-05]",Light Rain
25,1016.8,26.6,25.9,25.4,21.7,77,77,1,3.0,80.0,37.5,1,260,1,"[0.0019289911724627018, 0.9977433681488037, 0.00032767574884928763]",Light Rain
26,1016.8,26.2,25.4,24.5,22.3,83,81,1,0.8,80.0,28.9,2,809,2,"[1.975591203517979e-06, 6.401126302080229e-05, 0.9999339580535889]",Heavy Rain
27,1015.6,30.1,26.5,24.3,22.1,77,48,0,9.5,60.0,10.3,0,129,0,"[0.999733030796051, 0.00025369616923853755, 1.3287087313074153e-05]",No Rain
28,1017.0,29.2,26.7,25.5,23.3,82,46,1,9.5,110.0,15.8,1,527,1,"[0.0006053113611415029, 0.9989510774612427, 0.00044358521699905396]",Light Rain
29,1018.2,28.4,26.4,25.5,22.9,81,61,1,7.0,90.0,24.2,1,244,1,"[0.0006058627623133361, 0.9993544220924377, 3.972030754084699e-05]",Light Rain
30,1017.8,29.6,26.7,25.3,23.1,81,53,0,8.4,100.0,16.5,0,46,0,"[0.9997113347053528, 0.0002593461540527642, 2.934734038717579e-05]",No Rain
31,1020.4,27.2,25.6,24.4,21.6,79,66,1,5.3,80.0,40.8,1,235,1,"[0.0008884823764674366, 0.9989953637123108, 0.00011618115240707994]",Light Rain
1,1020.9,24.5,22.9,20.5,17.8,73,61,0,4.3,20.0,29.6,0,20,0,"[0.9993276596069336, 0.0006566078518517315, 1.5739848095108755e-05]",No Rain
2,1019.8,26.0,22.6,19.7,16.0,67,72,1,7.5,20.0,22.5,1,422,1,"[0.0002763656375464052, 0.9995861649513245, 0.00013752790982834995]",Light Rain
3,1019.5,25.8,23.7,22.3,18.8,74,82,1,2.4,70.0,32.9,1,224,1,"[0.0017308801179751754, 0.9980905652046204, 0.00017855424084700644]",Light Rain
4,1018.1,26.6,24.7,23.1,20.4,77,83,1,3.0,80.0,29.8,1,256,1,"[0.0016001188196241856, 0.9980660080909729, 0.00033389392774552107]",Light Rain
5,1016.1,28.2,25.8,24.5,22.0,80,82,1,6.5,70.0,28.3,2,651,2,"[0.0006588724791072309, 0.12061234563589096, 0.8787287473678589]",Heavy Rain
6,1015.6,26.3,25.5,24.7,22.4,83,81,1,0.5,80.0,30.2,2,1002,2,"[4.604232373139894e-08, 1.2794190524800797e-06, 0.9999986886978149]",Heavy Rain
7,1016.3,28.4,26.2,25.2,23.4,85,87,1,3.4,80.0,24.8,2,739,2,"[3.5881871554011013e-06, 0.00018587704107630998, 0.999810516834259]",Heavy Rain
8,1016.4,28.7,26.5,25.5,23.6,84,70,1,5.9,70.0,18.0,2,871,2,"[4.426199666340835e-06, 0.00031075661536306143, 0.9996848106384277]",Heavy Rain
9,1015.8,30.3,26.7,24.8,23.3,82,58,1,7.7,50.0,12.8,1,588,1,"[0.00039389688754454255, 0.9963369369506836, 0.003269216977059841]",Light Rain
10,1016.9,25.9,24.9,24.0,21.4,81,88,1,1.1,80.0,46.3,2,962,2,"[1.1556822698821634e-07, 4.487513251660857e-06, 0.9999953508377075]",Heavy Rain
11,1017.7,25.4,23.8,22.6,20.6,82,85,1,2.6,80.0,43.8,2,740,2,"[2.5259900212404318e-05, 0.0012442974839359522, 0.998730480670929]",Heavy Rain
12,1017.3,24.2,23.9,23.6,21.1,84,88,1,0.0,80.0,41.4,2,976,2,"[2.6767123628701484e-08, 9.081392704501923e-07, 0.9999990463256836]",Heavy Rain
13,1015.2,25.3,23.3,21.0,22.1,92,86,1,0.3,80.0,29.7,2,813,2,"[2.526018683113307e-08, 4.7132451186371327e-07, 0.9999995231628418]",Heavy Rain
14,1014.5,26.9,24.3,22.3,21.2,83,74,1,5.5,30.0,13.8,2,749,2,"[3.150756674585864e-05, 0.0024724064860492945, 0.9974960684776306]",Heavy Rain
15,1015.2,24.8,24.2,23.5,22.3,89,84,1,0.1,80.0,35.8,2,758,2,"[2.8563570708683983e-07, 5.864792910870165e-06, 0.9999939203262329]",Heavy Rain
16,1013.7,25.9,24.8,23.6,23.5,93,74,1,2.3,80.0,25.5,2,714,2,"[4.827723500966385e-07, 9.456700354348868e-06, 0.9999901056289673]",Heavy Rain
17,1013.9,27.2,25.5,24.4,23.8,90,51,0,7.0,80.0,17.2,0,76,0,"[0.9995855689048767, 0.0001971780729945749, 0.00021717097843065858]",No Rain
18,1016.0,29.1,26.1,24.1,23.2,84,20,0,8.2,80.0,7.9,0,164,0,"[0.9987326264381409, 0.0012269498547539115, 4.044637535116635e-05]",No Rain
19,1017.0,28.5,25.9,24.5,22.9,84,58,1,5.9,70.0,22.1,1,537,1,"[0.0006999869947321713, 0.9934765696525574, 0.005823451094329357]",Light Rain
20,1017.2,25.9,24.8,24.4,21.6,82,73,1,1.1,80.0,30.6,2,731,2,"[6.847518670838326e-05, 0.004295661114156246, 0.9956358075141907]",Heavy Rain
21,1017.0,26.0,24.8,23.9,21.1,80,83,0,0.4,70.0,40.4,0,129,0,"[0.9986593723297119, 0.0006499841692857444, 0.0006905563059262931]",No Rain
22,1017.1,27.6,25.4,24.0,21.3,78,65,1,8.3,80.0,29.2,1,460,1,"[0.0006547293742187321, 0.9985377788543701, 0.0008074779179878533]",Light Rain
23,1016.7,28.4,25.4,23.7,21.2,78,47,0,7.7,90.0,19.6,0,199,0,"[0.9993365406990051, 0.0005536152748391032, 0.0001098244174499996]",No Rain
24,1016.7,26.6,24.5,23.3,19.8,76,35,1,9.8,70.0,31.2,1,270,1,"[0.001092118676751852, 0.9988941550254822, 1.374394469166873e-05]",Light Rain
25,1017.7,25.3,22.6,18.2,16.8,70,44,0,6.9,20.0,28.6,0,57,0,"[0.9997918009757996, 0.00020436517661437392, 3.805252617894439e-06]",No Rain
26,1020.6,21.2,18.2,15.8,7.8,52,46,0,3.5,20.0,34.3,0,66,0,"[0.9996432065963745, 0.0003565145016182214, 1.860110785401048e-07]",No Rain
27,1022.4,20.4,18.4,15.3,9.7,57,44,0,8.6,60.0,39.3,0,163,0,"[0.9997883439064026, 0.0002113267983077094, 3.6342811426948174e-07]",No Rain
28,1022.5,22.9,20.8,19.2,15.0,70,49,0,8.6,70.0,34.0,0,188,0,"[0.9997400641441345, 0.00025330897187814116, 6.705969553877367e-06]",No Rain
29,1021.2,24.1,22.1,20.3,17.4,75,40,0,8.8,60.0,16.0,0,20,0,"[0.9998630285263062, 0.00013528967974707484, 1.6277504073514137e-06]",No Rain
30,1018.9,25.2,22.4,20.4,17.7,75,56,1,6.0,100.0,15.7,1,301,1,"[0.0015979899326339364, 0.9982763528823853, 0.00012570327089633793]",Light Rain
1,1017.6,25.1,22.9,22.0,19.0,79,85,0,2.0,70.0,25.0,0,64,0,"[0.9997145533561707, 0.0001487020927015692, 0.000136649701744318]",No Rain
2,1017.1,25.0,23.3,22.2,19.6,80,69,1,6.3,70.0,15.9,1,337,1,"[0.0015765817370265722, 0.9979415535926819, 0.000481819937704131]",Light Rain
3,1019.4,22.3,20.8,19.6,16.5,77,93,1,0.0,20.0,27.9,1,463,1,"[0.000680120661854744, 0.996059775352478, 0.0032601593993604183]",Light Rain
4,1021.1,21.0,19.5,18.4,14.9,75,88,1,0.6,50.0,37.9,1,314,1,"[0.0013502263464033604, 0.9971923232078552, 0.0014574234373867512]",Light Rain
5,1018.4,20.3,18.4,15.7,15.8,85,91,1,0.1,70.0,41.3,2,658,2,"[2.0043748008902185e-05, 0.002146991901099682, 0.9978329539299011]",Heavy Rain
6,1021.3,18.1,16.6,15.4,12.2,76,91,1,0.1,10.0,28.4,1,226,1,"[0.0010520241921767592, 0.9986875653266907, 0.0002604592009447515]",Light Rain
7,1023.1,19.3,17.3,15.4,12.1,72,86,0,0.9,10.0,21.8,0,108,0,"[0.9988666772842407, 0.0011253560660406947, 7.955061846587341e-06]",No Rain
8,1022.2,19.0,18.0,17.0,14.1,78,90,1,0.0,30.0,28.5,1,587,1,"[0.0003897343121934682, 0.9787811636924744, 0.02082902193069458]",Light Rain
9,1016.8,18.9,17.7,16.9,16.8,95,95,1,0.0,60.0,35.1,2,650,2,"[7.028547344134495e-08, 1.1596878266573185e-06, 0.9999986886978149]",Heavy Rain
10,1015.5,20.9,19.3,17.6,16.8,86,80,1,5.1,20.0,10.2,2,839,2,"[3.128746470792976e-07, 6.931804364285199e-06, 0.9999927282333374]",Heavy Rain
11,1016.4,23.0,19.9,17.9,15.5,76,72,0,6.3,60.0,20.7,0,150,0,"[0.9998509883880615, 0.00011790316057158634, 3.1052728445502e-05]",No Rain
12,1016.2,20.7,20.0,19.4,17.1,83,88,0,0.2,70.0,39.5,0,46,0,"[0.999538779258728, 0.0002184767508879304, 0.00024275439500343055]",No Rain
13,1016.4,21.0,20.4,19.7,17.8,85,83,1,0.0,70.0,30.3,2,646,2,"[1.5920333680696785e-05, 0.00042724705417640507, 0.9995567202568054]",Heavy Rain
14,1016.6,21.3,20.4,19.1,17.3,82,84,1,0.4,50.0,20.3,2,928,2,"[9.77802798729499e-08, 5.493169737746939e-06, 0.9999943971633911]",Heavy Rain
15,1019.0,20.4,18.4,16.0,12.6,69,70,1,2.2,10.0,26.8,1,313,1,"[0.001392786973156035, 0.9983371496200562, 0.00027007897733710706]",Light Rain
16,1022.5,17.2,15.2,13.4,4.3,49,11,0,9.3,10.0,48.0,0,177,0,"[0.9996294975280762, 0.00037054342101328075, 2.0230229935691568e-08]",No Rain
17,1025.9,15.2,13.2,11.5,-0.4,39,25,0,9.1,20.0,35.6,0,0,0,"[0.9998751878738403, 0.00012479179713409394, 6.124012963404368e-10]",No Rain
18,1026.4,16.5,13.9,11.3,3.1,48,11,0,9.5,40.0,25.2,0,106,0,"[0.9998950958251953, 0.00010483506048331037, 1.53719803552832e-09]",No Rain
19,1025.4,18.2,16.2,13.8,8.7,62,71,0,2.1,30.0,29.0,0,144,0,"[0.9965009689331055, 0.003493699710816145, 5.366076038626488e-06]",No Rain
20,1022.5,18.6,17.6,17.0,12.9,75,88,1,0.0,40.0,19.0,1,576,1,"[0.00013887922978028655, 0.9980114698410034, 0.0018496247939765453]",Light Rain
21,1021.3,21.1,19.4,17.1,16.2,82,87,1,1.6,50.0,22.5,2,989,2,"[1.0692934182543468e-07, 2.0503875930444337e-05, 0.9999793767929077]",Heavy Rain
22,1020.3,20.6,19.9,18.7,17.6,87,88,1,0.3,60.0,27.3,2,627,2,"[2.7314532417221926e-05, 0.0017045969143509865, 0.9982680082321167]",Heavy Rain
23,1017.8,22.3,21.1,19.8,19.6,91,79,1,0.0,40.0,15.0,2,716,2,"[4.475965624806122e-07, 1.306786998611642e-05, 0.9999864101409912]",Heavy Rain
24,1016.8,24.7,22.3,21.1,20.7,91,70,1,6.0,40.0,9.4,2,870,2,"[2.732447796915949e-07, 5.333726676326478e-06, 0.9999943971633911]",Heavy Rain
25,1020.4,21.4,18.2,16.1,13.5,75,89,1,0.7,10.0,27.6,1,366,1,"[0.0004139903176110238, 0.9988993406295776, 0.0006866856128908694]",Light Rain
26,1020.6,19.7,17.9,16.9,13.3,74,87,0,0.6,30.0,21.6,0,69,0,"[0.9994561076164246, 0.0005313664441928267, 1.2502835488703568e-05]",No Rain
27,1022.7,18.8,17.7,16.9,15.0,84,90,1,0.0,30.0,18.4,2,920,2,"[1.1451231074488533e-07, 4.324015390011482e-05, 0.9999566078186035]",Heavy Rain
28,1026.6,18.6,17.3,16.3,12.8,75,85,1,1.0,20.0,25.9,1,558,1,"[8.5012216004543e-05, 0.9993835687637329, 0.0005314302979968488]",Light Rain
29,1025.9,18.9,17.7,16.4,13.3,75,78,1,4.6,70.0,33.4,1,445,1,"[0.0006864132010377944, 0.998166561126709, 0.0011469584424048662]",Light Rain
30,1025.3,19.2,17.3,15.2,13.3,78,86,1,1.2,20.0,20.9,1,573,1,"[9.200003842124715e-05, 0.998515784740448, 0.0013921981444582343]",Light Rain
31,1026.4,20.5,17.8,15.5,13.0,74,66,0,5.7,20.0,23.3,0,153,0,"[0.9991212487220764, 0.0008698604651726782, 8.963150321505964e-06]",No Rain
